INSERT OR IGNORE INTO services (id, country, slug, category, title_fa, title_en, title_es, description_fa, description_en, description_es) VALUES
  ('svc-es-student', 'Spain', 'student-visa', 'education', 'ویزای تحصیلی اسپانیا', 'Spain student visa', 'Visado de estudios en España', 'از پذیرش تا پرونده و استقرار دانشجویی.', 'From admission to application and student settlement.', 'Desde la admisión hasta la solicitud e instalación.'),
  ('svc-es-nomad', 'Spain', 'digital-nomad', 'professional', 'ویزای نومد دیجیتال اسپانیا', 'Spain digital nomad visa', 'Visado de nómada digital', 'برای حرفه‌ای‌های دارای درآمد بین‌المللی واقعی.', 'For professionals with genuine international income.', 'Para profesionales con ingresos internacionales reales.'),
  ('svc-es-family', 'Spain', 'family-financial-means', 'family', 'اقامت خانوادگی با تمکن مالی', 'Family financial-means pathway', 'Residencia familiar por medios económicos', 'برنامه خانواده‌محور برای متقاضیان دارای منابع کافی.', 'A family-centered plan for applicants with sufficient means.', 'Un plan familiar para solicitantes con medios suficientes.'),
  ('svc-ar-student', 'Argentina', 'student-residency', 'education', 'اقامت تحصیلی آرژانتین', 'Argentina student residency', 'Residencia estudiantil en Argentina', 'از پذیرش تا اقامت، DNI و استقرار.', 'From admission to residency, DNI and settlement.', 'Desde la admisión hasta residencia, DNI e instalación.'),
  ('svc-ar-rentista', 'Argentina', 'rentista-family', 'family', 'اقامت رنتیستا و خانواده', 'Rentista and family residency', 'Residencia rentista y familiar', 'برای خانواده‌های دارای درآمد دوره‌ای قابل اثبات.', 'For families with provable recurring income.', 'Para familias con ingresos periódicos demostrables.');

INSERT OR IGNORE INTO packages (id, service_id, name, tier, country, price_label, description_fa, description_en, description_es, features_json, disclaimer) VALUES
  ('pkg-launch-spain', 'svc-es-family', 'Launch Spain', 'launch', 'Spain', 'Assessment-based', 'ارزیابی و نقشه راه اولیه.', 'Assessment and initial roadmap.', 'Evaluación y hoja de ruta inicial.', '["assessment","roadmap","checklist"]', 'Scope and price vary by case.'),
  ('pkg-settle-spain', 'svc-es-family', 'Settle Spain', 'settle', 'Spain', 'Assessment-based', 'همراهی پرونده و استقرار.', 'Application and settlement support.', 'Apoyo con solicitud e instalación.', '["assessment","documents","settlement"]', 'Scope and price vary by case.'),
  ('pkg-premium-spain', 'svc-es-family', 'Premium Spain', 'premium', 'Spain', 'Assessment-based', 'هماهنگی کامل خانواده.', 'Full family coordination.', 'Coordinación familiar integral.', '["strategy","coordination","settlement"]', 'Scope and price vary by case.'),
  ('pkg-launch-nomad', 'svc-es-nomad', 'Launch Nomad', 'launch', 'Spain', 'Assessment-based', 'تحلیل صلاحیت و مدارک.', 'Eligibility and evidence review.', 'Revisión de elegibilidad y pruebas.', '["eligibility","income-review","roadmap"]', 'Scope and price vary by case.'),
  ('pkg-settle-nomad', 'svc-es-nomad', 'Settle Nomad', 'settle', 'Spain', 'Assessment-based', 'پرونده و برنامه ورود.', 'Application and arrival plan.', 'Solicitud y plan de llegada.', '["documents","filing","arrival"]', 'Scope and price vary by case.'),
  ('pkg-premium-nomad', 'svc-es-nomad', 'Premium Nomad', 'premium', 'Spain', 'Assessment-based', 'هماهنگی حرفه‌ای و خانوادگی.', 'Professional and family coordination.', 'Coordinación profesional y familiar.', '["strategy","specialist-coordination","settlement"]', 'Scope and price vary by case.'),
  ('pkg-launch-edu', 'svc-es-student', 'Launch Edu', 'launch', 'Spain', 'Assessment-based', 'انتخاب مسیر و پذیرش.', 'Pathway and admission planning.', 'Plan de vía y admisión.', '["program-fit","admission","roadmap"]', 'Scope and price vary by case.'),
  ('pkg-settle-edu', 'svc-es-student', 'Settle Edu', 'settle', 'Spain', 'Assessment-based', 'پذیرش، پرونده و ورود.', 'Admission, application and arrival.', 'Admisión, solicitud y llegada.', '["admission","documents","arrival"]', 'Scope and price vary by case.'),
  ('pkg-premium-edu', 'svc-es-student', 'Premium Edu', 'premium', 'Spain', 'Assessment-based', 'همراهی کامل دانشجو.', 'End-to-end student support.', 'Apoyo estudiantil integral.', '["strategy","application","settlement"]', 'Scope and price vary by case.'),
  ('pkg-start-argentina', 'svc-ar-rentista', 'Start Argentina', 'launch', 'Argentina', 'Assessment-based', 'تحلیل مسیر و مدارک مبدا.', 'Pathway and origin-document review.', 'Revisión de vía y documentos de origen.', '["assessment","origin-documents","roadmap"]', 'Scope and price vary by case.'),
  ('pkg-settle-argentina', 'svc-ar-rentista', 'Settle Argentina', 'settle', 'Argentina', 'Assessment-based', 'اقامت و استقرار عملی.', 'Residency and practical settlement.', 'Residencia e instalación práctica.', '["residency","DNI","settlement"]', 'Scope and price vary by case.'),
  ('pkg-premium-move-argentina', 'svc-ar-rentista', 'Premium Move Argentina', 'premium', 'Argentina', 'Assessment-based', 'هماهنگی کامل خانواده.', 'Complete family coordination.', 'Coordinación familiar completa.', '["strategy","family","settlement"]', 'Scope and price vary by case.'),
  ('pkg-launch-edu-argentina', 'svc-ar-student', 'Launch Edu Argentina', 'launch', 'Argentina', 'Assessment-based', 'پذیرش و نقشه مدارک.', 'Admission and document roadmap.', 'Admisión y hoja documental.', '["admission","origin-documents","roadmap"]', 'Scope and price vary by case.'),
  ('pkg-settle-edu-argentina', 'svc-ar-student', 'Settle Edu Argentina', 'settle', 'Argentina', 'Assessment-based', 'پرونده اقامت و ورود.', 'Residency filing and arrival.', 'Solicitud de residencia y llegada.', '["documents","residency","arrival"]', 'Scope and price vary by case.'),
  ('pkg-premium-edu-argentina', 'svc-ar-student', 'Premium Edu Argentina', 'premium', 'Argentina', 'Assessment-based', 'همراهی کامل دانشجویی.', 'Complete student coordination.', 'Coordinación estudiantil completa.', '["strategy","DNI","settlement"]', 'Scope and price vary by case.');

INSERT OR IGNORE INTO resources (id, slug, locale, title, excerpt, body_markdown, category, country, published_at, is_published) VALUES
  ('res-fa-first-month', 'madrid-first-month-budget', 'fa', 'بودجه ماه اول زندگی خانوادگی در مادرید', 'چارچوبی برای دیدن هزینه‌های واقعی شروع.', '# به‌زودی\n\nاین راهنما پس از بازبینی منابع منتشر می‌شود.', 'family-life', 'Spain', NULL, 0),
  ('res-en-first-month', 'madrid-first-month-budget', 'en', 'A family first-month budget in Madrid', 'A framework for realistic starting costs.', '# Coming soon\n\nThis guide will be published after source review.', 'family-life', 'Spain', NULL, 0),
  ('res-es-first-month', 'madrid-first-month-budget', 'es', 'Presupuesto del primer mes familiar en Madrid', 'Un marco para costes iniciales realistas.', '# Próximamente\n\nEsta guía se publicará tras revisar las fuentes.', 'family-life', 'Spain', NULL, 0);
